Brand,Model
acura,acuras
acura,ilx
acura,integra
acura,legend
acura,mdx
acura,rdx
acura,rlx
acura,rsx
acura,tsx
acura,vigor
alfa romeo,4c
alfa romeo,8c
alfa romeo,giulia
alfa romeo,quadrifoglio
alfa romeo,spider
alfa romeo,stelvio
alfa romeo,tonale
aston martin,db11
aston martin,dbs
aston martin,rapide
aston martin,valkyrie
aston martin,vanquish
aston martin,vantage
audi,a3
audi,a4
audi,a5
audi,a6
audi,a7
audi,a8
audi,audis
audi,q3
audi,q5
audi,q7
audi,quattro
audi,s3
audi,s4
audi,s6
audi,sq5
bentley,bentayga
bentley,continental
bentley,flying spur
bentley,mulsanne
bmw,128i
bmw,3-series
bmw,320i
bmw,328
bmw,328i
bmw,328xi
bmw,330c
bmw,330ci
bmw,330i
bmw,335d
bmw,335i
bmw,3er
bmw,3series
bmw,4-series
bmw,5-series
bmw,528i
bmw,535i
bmw,5er
bmw,6-series
bmw,640i
bmw,alpina
bmw,beemer
bmw,bimmer
bmw,bmwesque
bmw,bmws
bmw,e90
bmw,f30
bmw,m3
bmw,m4
bmw,m5
bmw,m6
bmw,m8
bmw,x1
bmw,x3
bmw,x5m
bmw,x6m
bmw,xdrive
buick,buicks
buick,century
buick,enclave
buick,encore
buick,la crosse
buick,lacrosse
buick,park avenue
buick,regal
cadillac,escalade
cadillac,srx
cadillac,xts
chevrolet,agile
chevrolet,aveo
chevrolet,camaro
chevrolet,caprice
chevrolet,captiva
chevrolet,cavalier
chevrolet,celta
chevrolet,chevy
chevrolet,cobalt
chevrolet,colorado
chevrolet,corvette
chevrolet,cruze
chevrolet,equinox
chevrolet,express
chevrolet,grand blazer
chevrolet,impala
chevrolet,lacetti
chevrolet,lanos
chevrolet,lova
chevrolet,lumina
chevrolet,malibu
chevrolet,malibus
chevrolet,montana
chevrolet,n200
chevrolet,niva
chevrolet,omega
chevrolet,onix
chevrolet,optra
chevrolet,orlando
chevrolet,prisma
chevrolet,s-10
chevrolet,sail
chevrolet,silverado
chevrolet,sonic
chevrolet,spark
chevrolet,ss
chevrolet,suburban
chevrolet,tahoe
chevrolet,tavera
chevrolet,tornado
chevrolet,tracker
chevrolet,trailblazer
chevrolet,traverse
chevrolet,uplander
chevrolet,vette
chevrolet,volt
chevrolet,zl1
chrysler,300m
chrysler,chrysler 200
chrysler,chrysler 300
chrysler,chryslers
chrysler,cruiser
chrysler,lx
chrysler,pacifica
chrysler,sebring
chrysler,town and country
dodge,avenger
dodge,caliber
dodge,challenger
dodge,charger
dodge,dart
dodge,daytona
dodge,demon
dodge,durango
dodge,hellcat
dodge,intrepid
dodge,journey
dodge,magnum
dodge,ram
dodge,scat pack
dodge,srt
dodge,stealth
dodge,viper
ferrari,488
ferrari,812
ferrari,f8
ferrari,laferrari
ferrari,portofino
ferrari,roma
ferrari,sf90
ferrari,testarossa
fiat,500
fiat,500l
fiat,500x
fiat,doblo
fiat,panda
fiat,punto
ford,c-max
ford,cmax
ford,crownvictoria
ford,ecoline
ford,escape
ford,everest
ford,expedition
ford,explorer
ford,f-150
ford,f150
ford,fiesta
ford,focus
ford,fords
ford,freestar
ford,fusion
ford,fusionmilan
ford,fusions
ford,galaxy
ford,kuga
ford,mustang
ford,s-max
ford,stang
ford,supervan
ford,taurus
ford,tourneo
genesis,g70
genesis,g80
genesis,g90
genesis,gv60
genesis,gv70
genesis,gv80
gmc,acadia
gmc,canyon
gmc,denali
gmc,hummer ev
gmc,sierra
gmc,terrain
gmc,yukon
honda,5dr
honda,accord
honda,accords
honda,acty
honda,amaze
honda,aria
honda,brio
honda,city
honda,civic
honda,cr-v
honda,cr-z
honda,crider
honda,crosstour
honda,crv
honda,ex-l
honda,exl
honda,fcx
honda,freed
honda,hobio
honda,hondas
honda,insight
honda,inspire
honda,jade
honda,jazz
honda,legend
honda,mobilio
honda,n-box
honda,n-one
honda,n-wgn
honda,nbox
honda,nsx
honda,odessey
honda,odyssey
honda,pilot
honda,prelude
honda,ridgeline
honda,shuttle
honda,spike
honda,spirior
honda,stepwgn
honda,stream
honda,vamos
honda,vezel
honda,zest
hyundai,accent
hyundai,atos
hyundai,atoz
hyundai,avante
hyundai,azera
hyundai,centennial
hyundai,click
hyundai,dynasty
hyundai,elantra
hyundai,equus
hyundai,excel
hyundai,genesis
hyundai,getz
hyundai,grandeur
hyundai,hyundais
hyundai,i10
hyundai,i20
hyundai,i30
hyundai,i40
hyundai,i45
hyundai,ix20
hyundai,lantra
hyundai,lavity
hyundai,matrix
hyundai,pony
hyundai,santa
hyundai,santamo
hyundai,santro
hyundai,scoupe
hyundai,sonata
hyundai,sonatas
hyundai,stellar
hyundai,tiburon
hyundai,tuscani
hyundai,veloster
hyundai,veracruz
hyundai,verna
hyundai,xcent
hyundai,xg
infiniti,6mt
infiniti,fx35
infiniti,g25
infiniti,g37
infiniti,q50
infiniti,q60
infiniti,q70
infiniti,qx50
infiniti,qx60
infiniti,qx70
jaguar,e-pace
jaguar,f-pace
jaguar,f-type
jaguar,i-pace
jaguar,xe
jaguar,xf
jaguar,xj
jeep,cherokee
jeep,compass
jeep,gladiator
jeep,grand cherokee
jeep,renegade
jeep,wagoneer
jeep,wrangler
kia,cadenza
kia,forte
kia,k900
kia,kias
kia,koup
kia,optima
kia,sedona
kia,sorento
kia,stinger
lamborghini,aventador
lamborghini,countach
lamborghini,diablo
lamborghini,gallardo
lamborghini,huracan
lamborghini,murcielago
lamborghini,urus
land rover,defender
land rover,discovery
land rover,evoque
land rover,range rover
land rover,sport
land rover,velar
lexus,es
lincoln,mkc
lincoln,mks
lincoln,mkt
lincoln,mkx
lincoln,mkz
lincoln,navigator
lincoln,town car
lincoln,zephyr
maserati,ghibli
maserati,granturismo
maserati,levante
maserati,mc20
maserati,quattroporte
mazda,6i
mazda,atenza
mazda,axela
mazda,az-offroad
mazda,az-wagon
mazda,biante
mazda,bongo
mazda,bt-50
mazda,carol
mazda,cx-5
mazda,cx-7
mazda,cx-9
mazda,cx5
mazda,cx9
mazda,demio
mazda,familia
mazda,mazda2
mazda,mazda3
mazda,mazda5
mazda,mazda6
mazda,mazda6i
mazda,mazda6s
mazda,mazda8
mazda,mazdas
mazda,mx-5
mazda,premacy
mazda,rx-8
mazda,rx8
mazda,scrum
mclaren,570s
mclaren,720s
mclaren,765lt
mclaren,artura
mclaren,mp4-12c
mclaren,p1
mclaren,senna
mercedes,benz
mercedes,c-class
mercedes,cl-class
mercedes,e-class
mercedes,mercedes
mercedes,mercedes-benz
mercedes,mercedesbenz
mercedes,s-class
mercedes-benz,amg
mercedes-benz,c-class
mercedes-benz,e-class
mercedes-benz,eqs
mercedes-benz,g-wagon
mercedes-benz,g63
mercedes-benz,maybach
mercedes-benz,s-class
mercury,mercury
mercury,milan
mini,clubman
mini,cooper
mini,countryman
mini,jcw
mini,john cooper works
mini,paceman
mitsubishi,galant
mitsubishi,lancer
nissan,370z
nissan,altima
nissan,altimas
nissan,armada
nissan,cube
nissan,frontier
nissan,juke
nissan,leaf
nissan,maxima
nissan,murano
nissan,nissans
nissan,pathfinder
nissan,quest
nissan,rogue
nissan,sentra
nissan,titan
nissan,versa
nissan,xterra
polestar,polestar 1
polestar,polestar 2
polestar,polestar 3
polestar,polestar 4
pontiac,aztek
pontiac,g3
pontiac,g4
pontiac,g5
pontiac,g6
pontiac,g8
pontiac,grand am
pontiac,grand prix
pontiac,gto
pontiac,gxp
pontiac,streamliner
pontiac,sunfire
pontiac,torpedo
pontiac,vibe
pontiac,wave
porsche,911
ram,1500
ram,2500
ram,3500
ram,power wagon
ram,promaster
ram,rebel
ram,trx
rivian,amazon van
rivian,r1s
rivian,r1t
rolls-royce,cullinan
rolls-royce,dawn
rolls-royce,ghost
rolls-royce,phantom
rolls-royce,wraith
saturn,aura
subaru,brz
subaru,crosstrek
subaru,dex
subaru,exiga
subaru,forester
subaru,grand wagon
subaru,gravel
subaru,impreza
subaru,impreza xv
subaru,lancaster
subaru,legacy
subaru,liberty
subaru,outback
subaru,outback sport
subaru,pleo
subaru,r1
subaru,r2
subaru,sambar
subaru,stella
subaru,tribeca
subaru,wrx
suzuki,aerio
suzuki,apv
suzuki,cappuccino
suzuki,cervo
suzuki,cultus
suzuki,equator
suzuki,ertiga
suzuki,escudo
suzuki,esteem
suzuki,every landy
suzuki,forsa
suzuki,fronte
suzuki,geo metro
suzuki,ignis
suzuki,jimny
suzuki,kizashi
suzuki,landy
suzuki,lapin
suzuki,liana
suzuki,mighty boy
suzuki,mr wagon
suzuki,palette
suzuki,solio
suzuki,splash
suzuki,swift
suzuki,sx4
suzuki,wagon r
suzuki,x-90
suzuki,xl7
tesla,cybertruck
tesla,model 3
tesla,model s
tesla,model x
tesla,model y
tesla,roadster
tesla,semi
toyota,4runner
toyota,allion
toyota,alphard
toyota,aurion
toyota,auris
toyota,avalon
toyota,avanza
toyota,avensis
toyota,axio
toyota,aygo
toyota,bb
toyota,belta
toyota,cami
toyota,camry
toyota,camrybest
toyota,camrys
toyota,carri
toyota,century
toyota,coaster
toyota,comfort
toyota,condor
toyota,corolla
toyota,corolla/sprinter
toyota,dyna
toyota,echo
toyota,estima
toyota,etios
toyota,fiedler
toyota,fj cruiser
toyota,fortuner
toyota,granvia
toyota,hiace
toyota,hiclass
toyota,highlander
toyota,hilux
toyota,hilux surf
toyota,innova
toyota,iq
toyota,isis
toyota,ist
toyota,kijang
toyota,kingdom
toyota,kluger
toyota,land cruiser
toyota,liteace
toyota,majesta
toyota,mark x
toyota,matrix
toyota,miniace
toyota,nadia
toyota,noah
toyota,passo
toyota,picnic
toyota,platz
toyota,porte
toyota,premio
toyota,prius
toyota,probox
toyota,qualis
toyota,ractis
toyota,raum
toyota,rav4
toyota,reiz
toyota,rumion
toyota,sai
toyota,scepter
toyota,sequoia
toyota,sienna
toyota,sienta
toyota,sofia
toyota,solara
toyota,sparky
toyota,stallion
toyota,succeed
toyota,tacoma
toyota,tamaraw
toyota,tarago
toyota,tiara
toyota,townace
toyota,toyoace
toyota,toyotas
toyota,tundra
toyota,urban cruiser
toyota,vanguard
toyota,venture
toyota,venza
toyota,verso
toyota,vienta
toyota,vios
toyota,vitz
toyota,voxy
toyota,yaris
toyota,zelas
toyota,zio
volkswagen,beetle
volkswagen,eos
volkswagen,golf
volkswagen,gti
volkswagen,jetta
volkswagen,passat
volkswagen,passats
volkswagen,rabbit
volkswagen,sportwagen
volkswagen,tiguan
volkswagen,touraeg
volkswagen,volkwagen
volkswagen,vw
volkswagen,vws
volvo,c70
volvo,s60
volvo,s80
volvo,v60
volvo,xc60
volvo,xc70
volvo,xc90
